chunk_index,start_sample,stage,stage_ms,chunk_total_ms
0,0,first_2_segments,942.00875,6724.416292
0,0,roformer_layer_pairs_2_3,921.29975,6724.416292
0,0,roformer_layer_pairs_4_5,894.780708,6724.416292
0,0,roformer_layer_pairs_6_7,956.662167,6724.416292
0,0,roformer_layer_pairs_8_9,981.637375,6724.416292
0,0,roformer_layer_pairs_10_11,970.833458,6724.416292
0,0,tail_pipeline,1057.194084,6724.416292
1,456000,first_2_segments,913.195708,6707.742043
1,456000,roformer_layer_pairs_2_3,893.14025,6707.742043
1,456000,roformer_layer_pairs_4_5,883.6215,6707.742043
1,456000,roformer_layer_pairs_6_7,975.891084,6707.742043
1,456000,roformer_layer_pairs_8_9,1002.4685,6707.742043
1,456000,roformer_layer_pairs_10_11,966.898667,6707.742043
1,456000,tail_pipeline,1072.526334,6707.742043
2,912000,first_2_segments,963.36425,6931.0945
2,912000,roformer_layer_pairs_2_3,984.421625,6931.0945
2,912000,roformer_layer_pairs_4_5,1009.102667,6931.0945
2,912000,roformer_layer_pairs_6_7,1011.105208,6931.0945
2,912000,roformer_layer_pairs_8_9,961.732708,6931.0945
2,912000,roformer_layer_pairs_10_11,950.156084,6931.0945
2,912000,tail_pipeline,1051.211958,6931.0945
3,1368000,first_2_segments,1004.38125,7017.4403330000005
3,1368000,roformer_layer_pairs_2_3,991.522541,7017.4403330000005
3,1368000,roformer_layer_pairs_4_5,1015.46075,7017.4403330000005
3,1368000,roformer_layer_pairs_6_7,987.37875,7017.4403330000005
3,1368000,roformer_layer_pairs_8_9,966.511209,7017.4403330000005
3,1368000,roformer_layer_pairs_10_11,1005.12225,7017.4403330000005
3,1368000,tail_pipeline,1047.063583,7017.4403330000005
4,1824000,first_2_segments,942.620958,6727.033168
4,1824000,roformer_layer_pairs_2_3,940.504459,6727.033168
4,1824000,roformer_layer_pairs_4_5,936.312667,6727.033168
4,1824000,roformer_layer_pairs_6_7,940.029042,6727.033168
4,1824000,roformer_layer_pairs_8_9,933.106166,6727.033168
4,1824000,roformer_layer_pairs_10_11,930.127834,6727.033168
4,1824000,tail_pipeline,1104.332042,6727.033168
5,2280000,first_2_segments,948.156833,6660.959
5,2280000,roformer_layer_pairs_2_3,933.0515,6660.959
5,2280000,roformer_layer_pairs_4_5,939.488792,6660.959
5,2280000,roformer_layer_pairs_6_7,942.9305,6660.959
5,2280000,roformer_layer_pairs_8_9,929.879583,6660.959
5,2280000,roformer_layer_pairs_10_11,940.425792,6660.959
5,2280000,tail_pipeline,1027.026,6660.959
6,2736000,first_2_segments,939.040459,6657.401918
6,2736000,roformer_layer_pairs_2_3,924.639208,6657.401918
6,2736000,roformer_layer_pairs_4_5,937.291667,6657.401918
6,2736000,roformer_layer_pairs_6_7,937.479375,6657.401918
6,2736000,roformer_layer_pairs_8_9,942.264542,6657.401918
6,2736000,roformer_layer_pairs_10_11,961.23075,6657.401918
6,2736000,tail_pipeline,1015.455917,6657.401918
7,3192000,first_2_segments,925.127833,6763.754083
7,3192000,roformer_layer_pairs_2_3,944.353792,6763.754083
7,3192000,roformer_layer_pairs_4_5,934.123958,6763.754083
7,3192000,roformer_layer_pairs_6_7,938.107875,6763.754083
7,3192000,roformer_layer_pairs_8_9,945.65575,6763.754083
7,3192000,roformer_layer_pairs_10_11,963.6775,6763.754083
7,3192000,tail_pipeline,1112.707375,6763.754083
8,3648000,first_2_segments,1006.011583,7120.5900839999995
8,3648000,roformer_layer_pairs_2_3,999.76625,7120.5900839999995
8,3648000,roformer_layer_pairs_4_5,1005.023667,7120.5900839999995
8,3648000,roformer_layer_pairs_6_7,1007.297084,7120.5900839999995
8,3648000,roformer_layer_pairs_8_9,1001.033667,7120.5900839999995
8,3648000,roformer_layer_pairs_10_11,1006.656916,7120.5900839999995
8,3648000,tail_pipeline,1094.800917,7120.5900839999995
9,4104000,first_2_segments,1003.585,7101.431377
9,4104000,roformer_layer_pairs_2_3,996.674167,7101.431377
9,4104000,roformer_layer_pairs_4_5,997.29125,7101.431377
9,4104000,roformer_layer_pairs_6_7,996.074792,7101.431377
9,4104000,roformer_layer_pairs_8_9,995.425459,7101.431377
9,4104000,roformer_layer_pairs_10_11,1003.700584,7101.431377
9,4104000,tail_pipeline,1108.680125,7101.431377
10,4560000,first_2_segments,1013.444709,7435.377959000001
10,4560000,roformer_layer_pairs_2_3,1000.200875,7435.377959000001
10,4560000,roformer_layer_pairs_4_5,1007.176583,7435.377959000001
10,4560000,roformer_layer_pairs_6_7,1131.508792,7435.377959000001
10,4560000,roformer_layer_pairs_8_9,1100.232375,7435.377959000001
10,4560000,roformer_layer_pairs_10_11,1059.758625,7435.377959000001
10,4560000,tail_pipeline,1123.056,7435.377959000001
11,5016000,first_2_segments,1000.73425,7545.452375000001
11,5016000,roformer_layer_pairs_2_3,992.403958,7545.452375000001
11,5016000,roformer_layer_pairs_4_5,1081.402042,7545.452375000001
11,5016000,roformer_layer_pairs_6_7,1122.47475,7545.452375000001
11,5016000,roformer_layer_pairs_8_9,1064.030875,7545.452375000001
11,5016000,roformer_layer_pairs_10_11,1089.5555,7545.452375000001
11,5016000,tail_pipeline,1194.851,7545.452375000001
12,5472000,first_2_segments,1108.359875,8051.775334
12,5472000,roformer_layer_pairs_2_3,1069.232875,8051.775334
12,5472000,roformer_layer_pairs_4_5,1127.030875,8051.775334
12,5472000,roformer_layer_pairs_6_7,1127.851959,8051.775334
12,5472000,roformer_layer_pairs_8_9,1118.157167,8051.775334
12,5472000,roformer_layer_pairs_10_11,1133.043375,8051.775334
12,5472000,tail_pipeline,1368.099208,8051.775334
13,5928000,first_2_segments,1050.157834,8076.983791999999
13,5928000,roformer_layer_pairs_2_3,1119.927542,8076.983791999999
13,5928000,roformer_layer_pairs_4_5,1067.496833,8076.983791999999
13,5928000,roformer_layer_pairs_6_7,1120.412625,8076.983791999999
13,5928000,roformer_layer_pairs_8_9,1125.315,8076.983791999999
13,5928000,roformer_layer_pairs_10_11,1125.909833,8076.983791999999
13,5928000,tail_pipeline,1467.764125,8076.983791999999
14,6384000,first_2_segments,1153.354875,8168.101374
14,6384000,roformer_layer_pairs_2_3,1123.810416,8168.101374
14,6384000,roformer_layer_pairs_4_5,1099.626542,8168.101374
14,6384000,roformer_layer_pairs_6_7,1132.669958,8168.101374
14,6384000,roformer_layer_pairs_8_9,1131.462583,8168.101374
14,6384000,roformer_layer_pairs_10_11,1134.175625,8168.101374
14,6384000,tail_pipeline,1393.001375,8168.101374
15,6840000,first_2_segments,1132.303458,8247.001417
15,6840000,roformer_layer_pairs_2_3,1110.436834,8247.001417
15,6840000,roformer_layer_pairs_4_5,1122.588833,8247.001417
15,6840000,roformer_layer_pairs_6_7,1124.036292,8247.001417
15,6840000,roformer_layer_pairs_8_9,1126.686667,8247.001417
15,6840000,roformer_layer_pairs_10_11,1125.777125,8247.001417
15,6840000,tail_pipeline,1505.172208,8247.001417
16,7296000,first_2_segments,1375.354833,8382.59025
16,7296000,roformer_layer_pairs_2_3,1140.732042,8382.59025
16,7296000,roformer_layer_pairs_4_5,1133.47175,8382.59025
16,7296000,roformer_layer_pairs_6_7,1138.516334,8382.59025
16,7296000,roformer_layer_pairs_8_9,1138.089875,8382.59025
16,7296000,roformer_layer_pairs_10_11,1134.450958,8382.59025
16,7296000,tail_pipeline,1321.974458,8382.59025
17,7752000,first_2_segments,1344.76975,8235.752458
17,7752000,roformer_layer_pairs_2_3,1125.952625,8235.752458
17,7752000,roformer_layer_pairs_4_5,1120.915416,8235.752458
17,7752000,roformer_layer_pairs_6_7,1124.421833,8235.752458
17,7752000,roformer_layer_pairs_8_9,1123.704875,8235.752458
17,7752000,roformer_layer_pairs_10_11,1118.998375,8235.752458
17,7752000,tail_pipeline,1276.989584,8235.752458
18,8208000,first_2_segments,1142.566583,8084.071166
18,8208000,roformer_layer_pairs_2_3,1125.832083,8084.071166
18,8208000,roformer_layer_pairs_4_5,1131.829959,8084.071166
18,8208000,roformer_layer_pairs_6_7,1175.413792,8084.071166
18,8208000,roformer_layer_pairs_8_9,1148.226583,8084.071166
18,8208000,roformer_layer_pairs_10_11,1133.509791,8084.071166
18,8208000,tail_pipeline,1226.692375,8084.071166
19,8664000,first_2_segments,1127.909959,8234.781334000001
19,8664000,roformer_layer_pairs_2_3,1114.5605,8234.781334000001
19,8664000,roformer_layer_pairs_4_5,1121.122875,8234.781334000001
19,8664000,roformer_layer_pairs_6_7,1245.777833,8234.781334000001
19,8664000,roformer_layer_pairs_8_9,1214.298792,8234.781334000001
19,8664000,roformer_layer_pairs_10_11,1188.726167,8234.781334000001
19,8664000,tail_pipeline,1222.385208,8234.781334000001
20,9120000,first_2_segments,1142.90475,8327.967499
20,9120000,roformer_layer_pairs_2_3,1135.625708,8327.967499
20,9120000,roformer_layer_pairs_4_5,1133.711166,8327.967499
20,9120000,roformer_layer_pairs_6_7,1233.970083,8327.967499
20,9120000,roformer_layer_pairs_8_9,1222.786917,8327.967499
20,9120000,roformer_layer_pairs_10_11,1161.050917,8327.967499
20,9120000,tail_pipeline,1297.917958,8327.967499
21,9576000,first_2_segments,1165.938875,8548.800917
21,9576000,roformer_layer_pairs_2_3,1227.579334,8548.800917
21,9576000,roformer_layer_pairs_4_5,1215.476167,8548.800917
21,9576000,roformer_layer_pairs_6_7,1192.006,8548.800917
21,9576000,roformer_layer_pairs_8_9,1228.873708,8548.800917
21,9576000,roformer_layer_pairs_10_11,1226.351917,8548.800917
21,9576000,tail_pipeline,1292.574916,8548.800917
22,10032000,first_2_segments,1195.858625,8882.584626000002
22,10032000,roformer_layer_pairs_2_3,1347.641583,8882.584626000002
22,10032000,roformer_layer_pairs_4_5,1376.318459,8882.584626000002
22,10032000,roformer_layer_pairs_6_7,1213.193458,8882.584626000002
22,10032000,roformer_layer_pairs_8_9,1224.76125,8882.584626000002
22,10032000,roformer_layer_pairs_10_11,1198.170667,8882.584626000002
22,10032000,tail_pipeline,1326.640584,8882.584626000002
23,10488000,first_2_segments,1350.991667,9140.610624
23,10488000,roformer_layer_pairs_2_3,1357.057916,9140.610624
23,10488000,roformer_layer_pairs_4_5,1359.197708,9140.610624
23,10488000,roformer_layer_pairs_6_7,1141.644208,9140.610624
23,10488000,roformer_layer_pairs_8_9,1335.39,9140.610624
23,10488000,roformer_layer_pairs_10_11,1272.471666,9140.610624
23,10488000,tail_pipeline,1323.857459,9140.610624
24,10944000,first_2_segments,1141.541042,8453.325165999999
24,10944000,roformer_layer_pairs_2_3,1228.694333,8453.325165999999
24,10944000,roformer_layer_pairs_4_5,1234.727042,8453.325165999999
24,10944000,roformer_layer_pairs_6_7,1162.174,8453.325165999999
24,10944000,roformer_layer_pairs_8_9,1184.384,8453.325165999999
24,10944000,roformer_layer_pairs_10_11,1178.219083,8453.325165999999
24,10944000,tail_pipeline,1323.585666,8453.325165999999
25,11400000,first_2_segments,1138.959666,9164.218626
25,11400000,roformer_layer_pairs_2_3,1328.617292,9164.218626
25,11400000,roformer_layer_pairs_4_5,1289.522875,9164.218626
25,11400000,roformer_layer_pairs_6_7,1268.017542,9164.218626
25,11400000,roformer_layer_pairs_8_9,1320.705625,9164.218626
25,11400000,roformer_layer_pairs_10_11,1299.926042,9164.218626
25,11400000,tail_pipeline,1518.469584,9164.218626
26,11856000,first_2_segments,1473.235917,10219.181999
26,11856000,roformer_layer_pairs_2_3,1363.912417,10219.181999
26,11856000,roformer_layer_pairs_4_5,1416.216125,10219.181999
26,11856000,roformer_layer_pairs_6_7,1481.407,10219.181999
26,11856000,roformer_layer_pairs_8_9,1379.814541,10219.181999
26,11856000,roformer_layer_pairs_10_11,1387.902541,10219.181999
26,11856000,tail_pipeline,1716.693458,10219.181999
27,12312000,first_2_segments,1594.040208,10259.124582999999
27,12312000,roformer_layer_pairs_2_3,1420.032458,10259.124582999999
27,12312000,roformer_layer_pairs_4_5,1378.477,10259.124582999999
27,12312000,roformer_layer_pairs_6_7,1371.944125,10259.124582999999
27,12312000,roformer_layer_pairs_8_9,1377.732542,10259.124582999999
27,12312000,roformer_layer_pairs_10_11,1388.425042,10259.124582999999
27,12312000,tail_pipeline,1728.473208,10259.124582999999
28,12768000,first_2_segments,1386.142833,10540.699874
28,12768000,roformer_layer_pairs_2_3,1374.529166,10540.699874
28,12768000,roformer_layer_pairs_4_5,1413.353209,10540.699874
28,12768000,roformer_layer_pairs_6_7,1402.292791,10540.699874
28,12768000,roformer_layer_pairs_8_9,1402.945708,10540.699874
28,12768000,roformer_layer_pairs_10_11,1407.551333,10540.699874
28,12768000,tail_pipeline,2153.884834,10540.699874
29,13224000,first_2_segments,1405.313333,10725.368833
29,13224000,roformer_layer_pairs_2_3,1531.642833,10725.368833
29,13224000,roformer_layer_pairs_4_5,1403.647042,10725.368833
29,13224000,roformer_layer_pairs_6_7,1388.760625,10725.368833
29,13224000,roformer_layer_pairs_8_9,1381.313416,10725.368833
29,13224000,roformer_layer_pairs_10_11,1385.979709,10725.368833
29,13224000,tail_pipeline,2228.711875,10725.368833
30,13262080,first_2_segments,1392.382834,11012.781084
30,13262080,roformer_layer_pairs_2_3,1382.153208,11012.781084
30,13262080,roformer_layer_pairs_4_5,1410.797583,11012.781084
30,13262080,roformer_layer_pairs_6_7,1578.55775,11012.781084
30,13262080,roformer_layer_pairs_8_9,1697.320125,11012.781084
30,13262080,roformer_layer_pairs_10_11,1548.645125,11012.781084
30,13262080,tail_pipeline,2002.924459,11012.781084
